materialCode,description,unit,unitCost
MG01.0001,COMMON BORROW,CUM,590
MG01.0002,SELECTED BORROW,CUM,665
MG01.0003,AGGREGATE SUBBASE COURSE,CUM,650
MG01.0004,AGGREGATE BASE COURSE,CUM,840
MG01.0005,AGGREGATE BASE COURSE (CRUSHED),CUM,790
MG01.0006,AGGREGATE SURFACE COURSE,CUM,880
MG01.0007,AGGREGATE SURFACE COURSE (CRUSHED),CUM,850
MG01.0008,FINE AGGREGATE (SAND),CUM,735
MG01.0009,"GRAVEL, 3/4"" (MAS 20 mm)",CUM,1100
MG01.0010,"GRAVEL, G1 (MAS 40 mm)",CUM,1100
MG01.0011,"GRAVEL, NATURAL",CUM,890
MG01.0012,"STONE, CLASS A (15 - 25 kg)",CUM,1050
MG01.0013,"STONE, CLASS B (30 - 70 kg)",CUM,850
MG01.0014,"STONE, CLASS C (60 - 100 kg)",CUM,800
MG01.0015,"STONE, CLASS D (100 - 200 kg)",CUM,740
MG02.0001,"ASPHALT CEMENT, PENETRATION GRADE 30-50",MTON,65500
MG02.0002,"ASPHALT CEMENT, PENETRATION GRADE 60-70",MTON,66000
MG02.0003,"ASPHALT CEMENT, PENETRATION GRADE 85-100",MTON,66900
MG02.0004,"ASPHALT CEMENT, PENETRATION GRADE 120-150",MTON,48900
MG02.0005,"ASPHALT CONCRETE, COLD-LAID (PLANT MIX)",MTON,10000
MG02.0006,"ASPHALT CONCRETE, HOT-LAID (PLANT MIX)",MTON,10080
MG02.0007,"CUT-BACK ASPHALT, MC30",MTON,47250
MG02.0008,"CUT-BACK ASPHALT, MC70",MTON,62500
MG02.0009,"CUT-BACK ASPHALT, MC250",MTON,44000
MG02.0010,"CUT-BACK ASPHALT, MC800",MTON,50000
MG02.0011,"CUT-BACK ASPHALT, MC3000",MTON,34000
MG02.0012,"CUT-BACK ASPHALT, RC70",MTON,46000
MG02.0013,"CUT-BACK ASPHALT, RC250",MTON,46700
MG02.0014,"CUT-BACK ASPHALT, RC800",MTON,47200
MG02.0015,"CUT-BACK ASPHALT, RC3000",MTON,45100
MG02.0016,"EMULSIFIED ASPHALT, ANIONIC",MTON,48800
MG02.0017,"EMULSIFIED ASPHALT, CATIONIC CRS-1",MTON,65000
MG02.0018,"EMULSIFIED ASPHALT, CATIONIC CRS-2",MTON,66000
MG02.0019,"EMULSIFIED ASPHALT, CATIONIC SS1",MTON,73245
MG02.0020,TAR / ASPHALT PAINT,GAL,655
MG04.0001,"CHB LOAD BEARING (4"" x 8"" x 16"")",PC,26
MG04.0002,"CHB LOAD BEARING (6"" x 8"" x 16"")",PC,31
MG04.0003,"CHB ORDINARY (4"" x 8"" x 16"")",PC,20
MG04.0004,"CHB ORDINARY (6"" x 8"" x 16"")",PC,23
MG05.0001,CEMENT WATERPROOFING COMPOUND,KG,52
MG05.0002,CONCRETE EPOXY (PART A & B SET),GAL,713
MG05.0003,CONCRETE NEUTRALIZER,LTR,192.5
MG05.0004,CURING COMPOUND,LTR,80
MG05.0005,PVC SOLVENT CEMENT,LTR,165
MG05.0006,RUST CONVERTER/REMOVER,GAL,665
MG05.0007,TERMICIDE (CLEAR),LTR,595
MG05.0008,DIESEL GEAR OIL,LTR,292
MG05.0009,DIESEL,LTR,50.45
MG05.0010,"GASOLINE, PREMIUM",LTR,56.92
MG05.0011,"GASOLINE, REGULAR",LTR,55.3
MG05.0012,GREASE,LTR,376.03
MG05.0013,KEROSINE,LTR,72.94
MG05.0014,LIQUIFIED PETROLEUM GAS (LPG),KG,104.73
MG06.0001,"COMMON WIRE NAIL, ASSORTED",KG,77.5
MG06.0002,"CONCRETE NAIL, ASSORTED",KG,132.5
MG06.0003,COCO LUMBER,BDFT,30.32
MG06.0004,GOOD LUMBER,BDFT,47.5
MG06.0005,FORM OIL,LTR,22.15
MG06.0006,"MARINE PLYWOOD (1/4"" x 4' x 8')",PC,466
MG06.0007,"MARINE PLYWOOD (1/2"" x 4' x 8')",PC,790
MG06.0008,"MARINE PLYWOOD (3/4"" x 4' x 8')",PC,1162
MG06.0009,"ORDINARY PLYWOOD (1/4"" x 4' x 8')",PC,420
MG06.0010,"ORDINARY PLYWOOD (1/2"" x 4' x 8')",PC,680
MG06.0011,"ORDINARY PLYWOOD (3/4"" x 4' x 8')",PC,1165
MG06.0012,STEEL FORM (150 mm width),M,46
MG06.0013,STEEL FORM (200 mm width),M,48
MG06.0014,STEEL FORM (230 mm width),M,50
MG06.0015,STEEL FORM (250 mm width),M,53
MG06.0016,STEEL FORM (280 mm width),M,56
MG06.0017,STEEL FORM (300 mm width),M,60
MG07.0001,EPOXY PRIMER WITH CATALYST (SET),GAL,1007
MG07.0002,RED OXIDE METAL PRIMER,GAL,553
MG07.0003,SOLVENT-BASED PRIMER,GAL,1115
MG07.0004,TINTING COLOR,LTR,222
MG07.0005,ALUMINUM PAINT,GAL,785
MG07.0006,"LATEX PAINT, GLOSS",GAL,845
MG07.0007,"LATEX PAINT, SEMI-GLOSS",GAL,845
MG07.0008,QUICK-DRYING ENAMEL PAINT,GAL,885
MG07.0009,LACQUER THINNER,GAL,565
MG07.0010,PAINT THINNER,GAL,450
MG07.0011,GLAZING PUTTY,GAL,725
MG08.0001,"GI PIPE, SCHEDULE 40 (1/2"" | 12.7 mm Ø)",PC,500
MG08.0002,"GI PIPE, SCHEDULE 40 (3/4"" | 19 mm Ø)",PC,645.5
MG08.0003,"GI PIPE, SCHEDULE 40 (1"" | 25.4 mm Ø)",PC,960
MG08.0004,"GI PIPE, SCHEDULE 40 (1 1/2"" | 38 mm Ø)",PC,1560
MG08.0005,"GI PIPE, SCHEDULE 40 (2"" | 50 mm Ø)",PC,1953.7
MG08.0006,"GI PIPE, SCHEDULE 40 (2 1/2"" | 63 mm Ø)",PC,2400
MG08.0007,"GI PIPE, SCHEDULE 40 (3"" | 76 mm Ø)",PC,4401.37
MG08.0008,"GI PIPE, SCHEDULE 40 (3 1/2"" | 89 mm Ø)",PC,5190
MG08.0009,"GI PIPE, SCHEDULE 40 (4"" | 101 mm Ø)",PC,6498
MG08.0010,"GI PIPE, SCHEDULE 40 (5"" | 127 mm Ø)",PC,8815
MG08.0011,"GI PIPE, SCHEDULE 40 (6"" | 152.4 mm Ø)",PC,14405
MG08.0012,"PVC PIPE (1/2"" | 12.7 mm Ø)",PC,91.32
MG08.0013,"PVC PIPE (3/4"" | 19 mm Ø)",PC,101
MG08.0014,"PVC PIPE (1"" | 25.4 mm Ø)",PC,163
MG08.0015,"PVC PIPE (1 1/2"" | 38 mm Ø)",PC,345
MG08.0016,"PVC PIPE (2"" | 50 mm Ø)",PC,375.5
MG08.0017,"PVC PIPE (2 1/2"" | 63 mm Ø)",PC,414.75
MG08.0018,"PVC PIPE (3"" | 76 mm Ø)",PC,532.5
MG08.0019,"PVC PIPE (3 1/2"" | 89 mm Ø)",PC,650
MG08.0020,"PVC PIPE (4"" | 101 mm Ø)",PC,762
MG08.0021,"REINFORCED CONCRETE PIPE, CLASS II (12"" | 300 mm Ø)",PC,500.66
MG08.0022,"REINFORCED CONCRETE PIPE, CLASS II (18"" | 460 mm Ø)",PC,1047.37
MG08.0023,"REINFORCED CONCRETE PIPE, CLASS II (24"" | 610 mm Ø)",PC,1700.75
MG08.0024,"REINFORCED CONCRETE PIPE, CLASS II (30"" | 760 mm Ø)",PC,2019.65
MG08.0025,"REINFORCED CONCRETE PIPE, CLASS II (36"" | 910 mm Ø)",PC,3349.43
MG08.0026,"REINFORCED CONCRETE PIPE, CLASS II (42"" | 1070 mm Ø)",PC,4039.29
MG08.0027,"REINFORCED CONCRETE PIPE, CLASS II (48"" | 1220 mm Ø)",PC,5024.15
MG08.0028,"REINFORCED CONCRETE PIPE, CLASS II (54"" | 1370 mm Ø)",PC,5652.17
MG08.0029,"REINFORCED CONCRETE PIPE, CLASS II (60"" | 1524 mm Ø)",PC,5652.17
MG08.0030,"REINFORCED CONCRETE PIPE, CLASS IV (12"" | 300 mm Ø)",PC,713.85
MG08.0031,"REINFORCED CONCRETE PIPE, CLASS IV (18"" | 460 mm Ø)",PC,1031.89
MG08.0032,"REINFORCED CONCRETE PIPE, CLASS IV (24"" | 610 mm Ø)",PC,1783.85
MG08.0033,"REINFORCED CONCRETE PIPE, CLASS IV (30"" | 760 mm Ø)",PC,2397
MG08.0034,"REINFORCED CONCRETE PIPE, CLASS IV (36"" | 910 mm Ø)",PC,3456.78
MG08.0035,"REINFORCED CONCRETE PIPE, CLASS IV (42"" | 1070 mm Ø)",PC,3952.33
MG08.0036,"REINFORCED CONCRETE PIPE, CLASS IV (48"" | 1220 mm Ø)",PC,4795.07
MG08.0037,"REINFORCED CONCRETE PIPE, CLASS IV (54"" | 1370 mm Ø)",PC,6389.11
MG08.0038,"REINFORCED CONCRETE PIPE, CLASS IV (60"" | 1524 mm Ø)",PC,7433.73
MG09.0001,"READY-MIX CONCRETE, 3000 PSI @ 28 DAYS, G1",CUM,5355
MG09.0002,"READY-MIX CONCRETE, 3000 PSI @ 14 DAYS, G1",CUM,5421.15
MG09.0003,"READY-MIX CONCRETE, 3000 PSI @ 7 DAYS, G1",CUM,5985
MG09.0004,"READY-MIX CONCRETE, 3000 PSI @ 3 DAYS, G1",CUM,5934.16
MG09.0005,"READY-MIX CONCRETE, 3500 PSI @ 28 DAYS, G1",CUM,5421.16
MG09.0006,"READY-MIX CONCRETE, 3500 PSI @ 14 DAYS, G1",CUM,5853.16
MG09.0007,"READY-MIX CONCRETE, 3500 PSI @ 7 DAYS, G1",CUM,6195
MG09.0008,"READY-MIX CONCRETE, 3500 PSI @ 3 DAYS, G1",CUM,6432.49
MG09.0009,"READY-MIX CONCRETE, 4000 PSI @ 28 DAYS, G1",CUM,5580.51
MG09.0010,"READY-MIX CONCRETE, 4000 PSI @ 14 DAYS, G1",CUM,5828.2
MG09.0011,"READY-MIX CONCRETE, 4500 PSI @ 28 DAYS, G1",CUM,6247.5
MG09.0012,"READY-MIX CONCRETE, 5000 PSI @ 28 DAYS, G1",CUM,6537.28
MG10.0001,REINFORCING STEEL BAR (GRADE 40),KG,60.43
MG10.0002,REINFORCING STEEL BAR (GRADE 60),KG,60.43
MG10.0003,GI TIE WIRE #16,KG,85
MG10.0004,ANGULAR BAR (A36),KG,73.37
MG10.0005,CHANNEL BAR (A36),KG,75
MG10.0006,SQUARE BAR (A36),KG,74
MG10.0007,I-BEAM (A36),KG,73.6
MG10.0008,WIDE FLANGE (A36),KG,75.94
MG10.0009,"MILLED STEEL PLATE, PLAIN (A36)",KG,69.53
MG10.0010,"STEEL CASING (10 mm thk, 600 mm Ø)",M,8350
MG10.0011,"STEEL CASING (10 mm thk, 700 mm Ø)",M,9150
MG10.0012,"STEEL CASING (10 mm thk, 800 mm Ø)",M,11315
MG10.0013,"STEEL CASING (10 mm thk, 900 mm Ø)",M,12610
MG10.0014,"STEEL CASING (10 mm thk, 1000 mm Ø)",M,13963
MG10.0015,"STEEL CASING (10 mm thk, 1100 mm Ø)",M,15510
MG10.0016,"STEEL CASING (10 mm thk, 1200 mm Ø)",M,17410
MG10.0017,"STEEL CASING (10 mm thk, 1300 mm Ø)",M,18305
MG10.0018,"STEEL CASING (10 mm thk, 1400 mm Ø)",M,19830
MG10.0019,"STEEL CASING (10 mm thk, 1500 mm Ø)",M,21250
MG10.0020,"STEEL SHEET PILE, U-TYPE (A36)",KG,70
MG10.0021,"STEEL SHEET PILE, U-TYPE (A50)",KG,71.32
MG10.0022,"STEEL SHELL/TUBULAR PIPE (9.50 mm thk, 400 mm Ø)",M,6719.31
MG10.0023,"STEEL SHELL/TUBULAR PIPE (9.50 mm thk, 500 mm Ø)",M,8246.43
MG99.0001,ACETYLENE,KG,103.48
MG99.0002,OXYGEN,KG,81.67
MG99.0003,WELDING ROD,KG,174.03
MG99.0004,BENTONITE,KG,310
MG99.0005,PACKAGING TAPE (50 mm x 50 m),PC,65
MG99.0006,TEFFLON TAPE (12 mm x 10 m),ROLL,21
MG99.0007,POLYETHYLENE SHEET (0.1 mm thk),SQM,17
MG99.0008,RUBBER HOSE (12.70 mm Ø),M,52
MG99.0009,SAND PAPER (23 cm x 28 cm),PC,14
MG99.0010,SILICA SAND,KG,54
MG99.0011,HINGE (50 mm x 101 mm),PAIR,75
MG99.0012,TARPAULIN,SQFT,20
MG99.0013,"TURNBUCKLE (1/2"" | 12.7 mm Ø)",PC,105
MG99.0014,"TURNBUCKLE (5/8"" | 16 mm Ø)",PC,150
MG99.0015,"TURNBUCKLE (3/4"" | 19 mm Ø)",PC,215
MS01.0001,PRECAST CONCRETE CURB (3000 PSI),M,747
MS01.0002,PRECAST CONCRETE GUTTER (3000 PSI),M,738
MS01.0003,PRECAST CONCRETE CURB & GUTTER (3000 PSI),M,1487
MS02.0001,"GABION, METALLIC COATED (0.5m x 1m x 3m)",PC,1725
MS02.0002,"GABION, METALLIC COATED (0.5m x 1m x 4m)",PC,1930
MS02.0003,"GABION, METALLIC COATED (1m x 1m x 2m)",PC,2335.5
MS02.0004,"GABION, METALLIC COATED (1m x 1m x 3m)",PC,2586
MS02.0005,"GABION, METALLIC COATED (1m x 1m x 4m)",PC,3145
MS02.0006,"GABION, PVC COATED (0.5m x 1m x 3m)",PC,2080
MS02.0007,"GABION, PVC COATED (0.5m x 1m x 4m)",PC,2496
MS02.0008,"GABION, PVC COATED (1m x 1m x 2m)",PC,2236
MS02.0009,"GABION, PVC COATED (1m x 1m x 3m)",PC,2872
MS02.0010,"GABION, PVC COATED (1m x 1m x 4m)",PC,3640
MS02.0011,"MATTRESS, METALLIC COATED (0.3m x 2m x 6m)",PC,4730
MS02.0012,"MATTRESS, PVC COATED (0.3m x 2m x 6m)",PC,4737
MS02.0013,FILTER CLOTH,SQM,291
MS02.0014,"COCO-NET, CGN 400",SQM,166
MS02.0015,"COCO-NET, CGN 700",SQM,218
MS02.0016,"FASCINE, CGR 200",M,426
MS02.0017,"FASCINE, CGR 300",M,504
MS02.0018,SODDING,SQM,73
MS02.0019,TOPSOIL (GARDEN SOIL),CUM,1248
MS02.0020,"VEGETATION, HYDROSEEDING",SQM,71
MS02.0021,"VEGETATION, VETIVER GRASS SYSTEM",SQM,76
MS03.0001,PREMOLDED EXPANSION JOINT FILLER (12 mm),SQM,1872
MS04.0001,"3' CYCLONE WIRE (GALVANIZED, GA 10)",M,141.5
MS04.0002,"4' CYCLONE WIRE (GALVANIZED, GA 10)",M,155
MS04.0003,"5' CYCLONE WIRE (GALVANIZED, GA 10)",M,186
MS04.0004,"6' CYCLONE WIRE (GALVANIZED, GA 10)",M,218
MS04.0005,"BARBED WIRE, 2 STRANDS (GALVANIZED, GA 12.5)",M,16.5
MS04.0006,"BARBED WIRE, 3 STRANDS (GALVANIZED, GA 12.5)",M,20.75
MS05.0001,PRESTRESSED CONCRETE GIRDER (AASHTO TYPE I),M,15269.85
MS05.0002,PRESTRESSED CONCRETE GIRDER (AASHTO TYPE II),M,15167.17
MS05.0003,PRESTRESSED CONCRETE GIRDER (AASHTO TYPE III),M,24129.5
MS05.0004,PRESTRESSED CONCRETE GIRDER (AASHTO TYPE IV),M,27323.74
MS05.0005,PRESTRESSED CONCRETE GIRDER (AASHTO TYPE IV-A),M,26022.61
MS05.0006,PRESTRESSED CONCRETE GIRDER (AASHTO TYPE IV-B),M,26042.85
MS05.0007,PRESTRESSED CONCRETE GIRDER (AASHTO TYPE V),M,34546.64
MS05.0008,PRESTRESSED CONCRETE GIRDER (AASHTO TYPE VI),M,47624.81
MS05.0009,PRESTRESSED CONCRETE ANCHORAGE ASSEMBLY,SET,575
MS05.0010,"DUCT TUBE, GALVANIZED METAL (50 mm Ø)",M,73
MS05.0011,HIGH-TENSILE WIRE STRAND (12.70 mm Ø),KG,83.56
MS06.0001,"MANUAL CALL POINT, CONVENTIONAL",PC,1747
MS06.0002,"FIRE ALARM BELL, CONVENTIONAL",PC,1529
MS06.0003,"ANNUNCIATOR, CONVENTIONAL",PC,7862
MS06.0004,"SMOKE DETECTOR, CONVENTIONAL",PC,2129
MS06.0005,"GI CAP, BANDED (1/2"" | 12.7 mm Ø)",PC,35.71
MS06.0006,"GI CAP, BANDED (3/4"" | 19 mm Ø)",PC,27.21
MS06.0007,"GI CAP, BANDED (1"" | 25.4 mm Ø)",PC,47
MS06.0008,"GI CAP, BANDED (1 1/2"" | 38 mm Ø)",PC,62
MS06.0009,"GI CAP, BANDED (2"" | 50 mm Ø)",PC,62
MS06.0010,"GI COUPLING (1/2"" | 12.7 mm Ø)",PC,16.23
MS06.0011,"GI COUPLING (3/4"" | 19 mm Ø)",PC,19.48
MS06.0012,"GI COUPLING (1"" | 25.4 mm Ø)",PC,28.13
MS06.0013,"GI COUPLING (1 1/2"" | 38 mm Ø)",PC,46
MS06.0014,"GI COUPLING (2"" | 50 mm Ø)",PC,64.92
MS06.0015,"GI PLUG (1/2"" | 12.7 mm Ø)",PC,21.64
MS06.0016,"GI PLUG (3/4"" | 19 mm Ø)",PC,27.05
MS06.0017,"GI PLUG (1"" | 25.4 mm Ø)",PC,29.21
MS06.0018,"GI PLUG (1 1/2"" | 38 mm Ø)",PC,33.54
MS06.0019,"GI PLUG (2"" | 50 mm Ø)",PC,39
MS06.0020,"GI TEE, BANDED (1/2"" | 12.7 mm Ø)",PC,33.54
MS06.0021,"GI TEE, BANDED (3/4"" | 19 mm Ø)",PC,33.54
MS06.0022,"GI TEE, BANDED (1"" | 25.4 mm Ø)",PC,42.2
MS06.0023,"GI TEE, BANDED (1 1/2"" | 38 mm Ø)",PC,72.49
MS06.0024,"GI TEE, BANDED (2"" | 50 mm Ø)",PC,81.15
MS06.0025,"GI UNION, FLAT SEAT (1/2"" | 12.7 mm Ø)",PC,37
MS06.0026,"GI UNION, FLAT SEAT (3/4"" | 19 mm Ø)",PC,59
MS06.0027,"GI UNION, FLAT SEAT (1"" | 25.4 mm Ø)",PC,74
MS06.0028,"GI UNION, FLAT SEAT (1 1/2"" | 38 mm Ø)",PC,94
MS06.0029,"GI UNION, FLAT SEAT (2"" | 50 mm Ø)",PC,119.92
MS06.0030,"PVC CLEAN-OUT WITH PLUG & SEAL RING (2"" | 50 mm Ø)",PC,28
MS06.0031,"PVC CLEAN-OUT WITH PLUG & SEAL RING (3"" | 76 mm Ø)",PC,45
MS06.0032,"PVC CLEAN-OUT WITH PLUG & SEAL RING (4"" | 101 mm Ø)",PC,65
MS06.0033,PVC CONCENTRIC BUSHING REDUCER (76 mm x 50 mm),PC,35.25
MS06.0034,PVC CONCENTRIC BUSHING REDUCER (101 mm x 50 mm),PC,52
MS06.0035,PVC CONCENTRIC BUSHING REDUCER (101 mm x 76 mm),PC,64
MS06.0036,"PVC COUPLING (1/2"" | 12.7 mm Ø)",PC,9
MS06.0037,"PVC COUPLING (3/4"" | 19 mm Ø)",PC,13
MS06.0038,"PVC COUPLING (1"" | 25.4 mm Ø)",PC,15
MS06.0039,"PVC COUPLING (1 1/2"" | 38 mm Ø)",PC,27
MS06.0040,"PVC COUPLING (2"" | 50 mm Ø)",PC,40
MS06.0041,"PVC ELBOW, 45° (2"" | 50 mm Ø)",PC,35
MS06.0042,"PVC ELBOW, 45° (3"" | 76 mm Ø)",PC,60
MS06.0043,"PVC ELBOW, 45° (4"" | 101 mm Ø)",PC,90
MS06.0044,"PVC ELBOW, 87.5° (2"" | 50 mm Ø)",PC,30
MS06.0045,"PVC ELBOW, 87.5° (3"" | 76 mm Ø)",PC,62
MS06.0046,"PVC ELBOW, 87.5° (4"" | 101 mm Ø)",PC,104
MS06.0047,"PVC MALE ADAPTER, THREADED (1/2"" | 12.7 mm Ø)",PC,13.5
MS06.0048,"PVC MALE ADAPTER, THREADED (3/4"" | 19 mm Ø)",PC,16.5
MS06.0049,"PVC MALE ADAPTER, THREADED (1"" | 25.4 mm Ø)",PC,16.15
MS06.0050,"PVC MALE ADAPTER, THREADED (1 1/2"" | 38 mm Ø)",PC,21.31
MS06.0051,"PVC MALE ADAPTER, THREADED (2"" | 50 mm Ø)",PC,36
MS06.0052,"PVC P-TRAP WITH PLUG & SEAL RING (2"" | 50 mm Ø)",PC,111
MS06.0053,"PVC P-TRAP WITH PLUG & SEAL RING (3"" | 76 mm Ø)",PC,187
MS06.0054,"PVC P-TRAP WITH PLUG & SEAL RING (4"" | 101 mm Ø)",PC,310
MS06.0055,PVC REDUCER (19 mm x 12.7 mm),PC,10
MS06.0056,PVC REDUCER (25.4 mm x 19 mm),PC,15
MS06.0057,PVC REDUCER (25.4 mm x 12.7 mm),PC,12
MS06.0058,PVC REDUCER (38 mm x 25.4 mm),PC,39
MS06.0059,PVC REDUCER (38 mm x 19 mm),PC,49.47
MS06.0060,PVC REDUCER (50 mm x 25.4 mm),PC,50.74
MS06.0061,PVC TAP TEE WITH SEAL RING (50 mm X 25.4 mm),PC,64.62
MS06.0062,PVC TAP TEE WITH SEAL RING (50 mm X 38 mm),PC,85
MS06.0063,"PVC TEE (1/2"" | 12.7 mm Ø)",PC,13
MS06.0064,"PVC TEE (3/4"" | 19 mm Ø)",PC,15
MS06.0065,"PVC TEE (1"" | 25.4 mm Ø)",PC,23
MS06.0066,"PVC TEE (1 1/2"" | 38 mm Ø)",PC,34.5
MS06.0067,"PVC TEE (2"" | 50 mm Ø)",PC,41
MS06.0068,"PVC TEE, DOUBLE BRANCH (2"" | 50 mm Ø)",PC,32
MS06.0069,"PVC TEE, DOUBLE BRANCH (3"" | 76 mm Ø)",PC,64
MS06.0070,"PVC TEE, DOUBLE BRANCH (4"" | 101 mm Ø)",PC,67
MS06.0071,"PVC WYE, SINGLE BRANCH, 45° (50 mm x 50 mm)",PC,52
MS06.0072,"PVC WYE, SINGLE BRANCH, 45° (76 mm x 50 mm)",PC,90
MS06.0073,"PVC WYE, SINGLE BRANCH, 45° (76 mm x 76 mm)",PC,99
MS06.0074,"PVC WYE, SINGLE BRANCH, 45° (101 mm x 50 mm)",PC,115
MS06.0075,"PVC WYE, SINGLE BRANCH, 45° (101 mm x 76 mm)",PC,160
MS06.0076,"PVC WYE, SINGLE BRANCH, 45° (101 mm x 101 mm)",PC,140
MS06.0077,"PVC SEEP, TEE, SINGLE BRANCH, 87.5° (50 mm x 50 mm)",PC,50
MS06.0078,"PVC SEEP, TEE, SINGLE BRANCH, 87.5° (76 mm x 50 mm)",PC,55
MS06.0079,"PVC SEEP, TEE, SINGLE BRANCH, 87.5° (76 mm x 76 mm)",PC,98
MS06.0080,"PVC SEEP, TEE, SINGLE BRANCH, 87.5° (101 mm x 50 mm)",PC,132
MS06.0081,"PVC SEEP, TEE, SINGLE BRANCH, 87.5° (101 mm x 76 mm)",PC,126
MS06.0082,"PVC SEEP, TEE, SINGLE BRANCH, 87.5° (101 mm x 101 mm)",PC,150
MS06.0083,"RS CONDUIT (1/2"" | 12.7 mm Ø)",PC,245
MS06.0084,"RS CONDUIT (3/4"" | 19 mm Ø)",PC,524
MS06.0085,"RS CONDUIT (1"" | 25.4 mm Ø)",PC,796
MS06.0086,"RS CONDUIT COUPLING (1/2"" | 12.7 mm Ø)",PC,17
MS06.0087,"RS CONDUIT COUPLING (1"" | 25.4 mm Ø)",PC,24
MS06.0088,"RS CONDUIT ELBOW 90° (1"" | 25.4 mm Ø)",PC,209
MS06.0089,"PVC CONDUIT (1/2"" | 12.7 mm Ø)",PC,95
MS06.0090,"PVC CONDUIT (3/4"" | 19 mm Ø)",PC,105
MS06.0091,"PVC CONDUIT (1"" | 25.4 mm Ø)",PC,170
MS06.0092,"PVC CONDUIT COUPLING (1/2"" | 12.7 mm Ø)",PC,5
MS06.0093,"PVC CONDUIT COUPLING (3/4"" | 19 mm Ø)",PC,10
MS06.0094,"PVC CONDUIT COUPLING (1"" | 25.4 mm Ø)",PC,17
MS06.0095,"PVC CONDUIT ELBOW, 90° (1"" | 25.4 mm Ø)",PC,23
MS06.0096,"PVC ADAPTER WITH LOCKNUT (1/2"" | 12.7 mm Ø)",PC,10
MS06.0097,"PVC ADAPTER WITH LOCKNUT (3/4"" | 19 mm Ø)",PC,16
MS06.0098,"PVC ADAPTER WITH LOCKNUT (1"" | 25.4 mm Ø)",PC,28.32
MS06.0099,"BUSHING AND LOCKNUT (1/2"" | 12.7 mm Ø)",PC,8
MS06.0100,"BUSHING AND LOCKNUT (3/4"" | 19 mm Ø)",PC,11
MS06.0101,"BUSHING AND LOCKNUT (1"" | 25.4 mm Ø)",PC,14
MS06.0102,"SERVICE ENTRANCE CAP (1/2"" | 12.7 mm Ø)",PC,68
MS06.0103,"SERVICE ENTRANCE CAP (3/4"" | 19 mm Ø)",PC,104
MS06.0104,"SERVICE ENTRANCE CAP (1"" | 25.4 mm Ø)",PC,209
MS06.0105,"ELECTRIC WIRE, THWN/THHN, 14 AWG (2 mm Ø)",M,26.67
MS06.0106,"ELECTRIC WIRE, THWN/THHN, 12 AWG (3.5 mm Ø)",M,40
MS06.0107,"ELECTRIC WIRE, THWN/THHN, 10 AWG (5.5 mm Ø)",M,58
MS06.0108,"NETWORK CABLE, CAT-5E",M,31
MS06.0109,ONE-GANG SWITCH,PC,100
MS06.0110,TWO-GANG SWITCH,PC,140
MS06.0111,THREE-GANG SWITCH,PC,168.5
MS06.0112,"DUPLEX CONVENIENCE OUTLET, GROUNDING TYPE",PC,171.5
MS06.0113,"SIMPLEX CONVENIENCE OUTLET, GROUNDING TYPE",PC,153.5
MS06.0114,ACU OUTLET,PC,164
MS06.0115,"FLOOR OUTLET, POP-UP",PC,3931
MS06.0116,SIMPLEX TELEPHONE OUTLET,PC,216
MS06.0117,"SQUARE BOX, GA 16 (4"" x 4"" x 2"")",PC,33
MS06.0118,"UTILITY BOX, GA 16 (2"" x 4"" x 2"")",PC,33
MS06.0119,"OCTAGONAL JUNCTION BOX, GA 16 (4"" x 4"" x 2"")",PC,36.25
MS06.0120,"METAL PULL BOX, GA 16 (6"" x 6"" x 4"")",PC,390
MS06.0121,"METAL PULL BOX, GA 16 (12"" x 12"" x 4"")",PC,824
MS06.0122,"MICA TUBING (1/2"" Ø)",M,49
MS06.0123,ELECTRICAL TAPE (19 mm x 20 m),PC,45
MS07.0001,"CAT'S EYE REFLECTIVE STUD, FLUSH SURFACE (180 mm x 140 mm)",PC,667
MS07.0002,"CAT'S EYE REFLECTIVE STUD, RAISED PROFILE (100 mm x 100 mm)",PC,667
MS07.0003,METAL FLEX BEAM (254 mm width),M,1590
MS07.0004,METAL FLEX BEAM (305 mm width),M,1950
MS07.0005,METAL FLEX BEAM (355 mm width),M,2275
MS07.0006,GUARDRAIL END PIECE (FISH TAIL),M,1500
MS07.0007,GUARDRAIL END PIECE (BULL NOSE),M,1500
MS07.0008,WIRE ROPE / CABLE (12.5 mm Ø),M,109
MS07.0009,WIRE ROPE / CABLE (19 mm Ø),M,249
MS07.0010,WIRE ROPE / CABLE (25.4 mm Ø),M,374
MS07.0011,"GI BOLT WITH NUT & WASHER (5/8"" Ø x 1"")",PC,23
MS07.0012,"GI BOLT WITH NUT & WASHER (5/8"" Ø x 9"")",PC,31
MS07.0013,"ROAD SIGN, CIRCLE (450 mm, 3 mm thk aluminum sheet)",PC,3850
MS07.0014,"ROAD SIGN, CIRCLE (600 mm, 3 mm thk aluminum sheet)",PC,5600
MS07.0015,"ROAD SIGN, CIRCLE (900 mm, 3 mm thk aluminum sheet)",PC,8000
MS07.0016,"ROAD SIGN, OCTAGON (450 mm x 450 mm, 3 mm thk aluminum sheet)",PC,4120
MS07.0017,"ROAD SIGN, OCTAGON (600 mm x 600 mm, 3 mm thk aluminum sheet)",PC,5300
MS07.0018,"ROAD SIGN, OCTAGON (900 mm x 900 mm, 3 mm thk aluminum sheet)",PC,8550
MS07.0019,"ROAD SIGN, RECTANGLE (400 mm x 600 mm, 3 mm thk aluminum sheet)",PC,4500
MS07.0020,"ROAD SIGN, RECTANGLE (600 mm x 1000 mm, 3 mm thk aluminum sheet)",PC,12100
MS07.0021,"ROAD SIGN, RECTANGLE (1500 mm x 1800 mm, 3 mm thk aluminum sheet)",PC,36000
MS07.0022,"ROAD SIGN, TRIANGLE (450 mm, 3 mm thk aluminum sheet)",PC,1500
MS07.0023,"ROAD SIGN, TRIANGLE (600 mm, 3 mm thk aluminum sheet)",PC,3200
MS07.0024,"ROAD SIGN, TRIANGLE (900 mm, 3 mm thk aluminum sheet)",PC,4700
MS07.0025,"CHEVRON SIGN (400 mm x 600 mm, 3 mm thk aluminum sheet)",PC,4650
MS07.0026,"CHEVRON SIGN (600 mm x 800 mm, 3 mm thk aluminum sheet)",PC,8600
MS07.0027,"REFLECTORIZED TRAFFIC PAINT, WHITE",LTR,474.64
MS07.0028,"REFLECTORIZED TRAFFIC PAINT, YELLOW",LTR,501.01
MS07.0029,"THERMOPLASTIC PAINT, WHITE (25 kg)",BAG,1900
MS07.0030,"THERMOPLASTIC PAINT, YELLOW (25 kg)",BAG,2075
MS07.0031,GLASS BEADS (25 kg),BAG,1160
MS07.0032,PRIMER,LTR,240
MS08.0001,"CORRUGATED ROOFING SHEET, GA 26",SQM,447
MS08.0002,"RIB-TYPE ROOFING SHEET, GA 26",SQM,612
MS08.0003,"FLASHING, GA 26 (0.61 m x 2.44 m)",PC,205.5
MS08.0004,"GUTTER, GA 24 (0.61 m x 2.44 m)",PC,191.5
MS08.0005,"RIDGE ROLL, GA 26 (0.61 m x 2.44 m)",PC,207.52
MS08.0006,"GI SHEET, PLAIN, GA 16 (1.22 m x 2.44 m)",PC,1503.28
MS08.0007,"GI SHEET, PLAIN, GA 20 (1.22 m x 2.44 m)",PC,1056.54
MS08.0008,"GI SHEET, PLAIN, GA 26 (1.22 m x 2.44 m)",PC,610.39